<?xml version="1.0" encoding="UTF-8"?>
<project-private xmlns="http://www.netbeans.org/ns/project-private/1">
    <editor-bookmarks xmlns="http://www.netbeans.org/ns/editor-bookmarks/2" lastBookmarkId="0"/>
    <open-files xmlns="http://www.netbeans.org/ns/projectui-open-files/2">
        <group>
            <file>file:/E:/External%20Projects/Point%20of%20Sale/POSsystem/New/POSsystem/src/com/store/pos/model/entity/SupplierDetails.java</file>
            <file>file:/E:/External%20Projects/Point%20of%20Sale/POSsystem/New/POSsystem/src/com/store/pos/model/entity/Item.java</file>
            <file>file:/E:/External%20Projects/Point%20of%20Sale/POSsystem/New/POSsystem/src/com/store/pos/model/entity/ItemDiscount.java</file>
            <file>file:/E:/External%20Projects/Point%20of%20Sale/POSsystem/New/POSsystem/src/com/store/pos/util/BarcodeGenerator.java</file>
            <file>file:/E:/External%20Projects/Point%20of%20Sale/POSsystem/New/POSsystem/src/com/store/pos/gui/MainMenu.java</file>
            <file>file:/E:/External%20Projects/Point%20of%20Sale/POSsystem/New/POSsystem/src/com/store/pos/util/Barcode4jGenerator.java</file>
        </group>
    </open-files>
</project-private>
